{
  "dense": {
    "precision_at_5": 0.13636363636363635,
    "recall_at_5": 0.6818181818181818,
    "mrr": 0.5113636363636364,
    "faithfulness": 0.8238095238095239,
    "answer_relevancy": 0.6848406332977582
  },
  "hybrid": {
    "precision_at_5": 0.16363636363636364,
    "recall_at_5": 0.8181818181818182,
    "mrr": 0.6606060606060606,
    "faithfulness": 0.8771929824561402,
    "answer_relevancy": 0.662979287215934
  },
  "reranked": {
    "precision_at_5": 0.16363636363636364,
    "recall_at_5": 0.8181818181818182,
    "mrr": 0.6742424242424243,
    "faithfulness": 0.8400000000000001,
    "answer_relevancy": 0.6564516830294206
  },
  "crag": {
    "precision_at_5": 0.16363636363636364,
    "recall_at_5": 0.8181818181818182,
    "mrr": 0.6742424242424243,
    "faithfulness": 0.763888888888889,
    "answer_relevancy": 0.6285547203494837
  }
}